"individuo","mu_max","t_pico","slope_up","slope_down","t_surv_obs","evento","area_beta","estab","taxa_final","prop_acima","n_aval","familia","mu_max_sc","t_pico_sc","slope_up_sc","area_beta_sc","estab_sc","t_surv_sc","prop_acima_sc","BDSIP"
2,2,112,0.00476190476190476,0.00165707308564452,476,0,105.161,0.231932773109244,2,0,35,"1",-0.861930692964181,-0.725901776727376,-0.217696520641054,-0.410025495170086,-0.649001214617448,-0.715109849896159,-0.597738453182839,-0.570752754657786
3,2,84,0.00765306122448979,0.000985221674876849,476,0,119.119,0.196638655462185,2,0,35,"1",-0.861930692964181,-0.965519838948063,0.404786287793461,0.0740256379104871,-0.874841439106011,-0.715109849896159,-0.597738453182839,-0.394614011252481
4,2,98,0.00595238095238095,0.000703729767769179,476,0,119.119,0.196638655462185,2,0,35,"1",-0.861930692964181,-0.845710807837719,0.0386199298908044,0.0740256379104871,-0.874841439106011,-0.715109849896159,-0.597738453182839,-0.467847282833012
9,2,56,0.0142857142857143,0.00181451612903226,476,0,109.813666666667,0.221848739495798,2,0,35,"1",-0.861930692964181,-1.20513790116875,1.83283508361382,-0.248675117476562,-0.713526993042752,-0.715109849896159,-0.597738453182839,-0.141281513953166
10,2,98,0.00595238095238095,2.04765594394226e-18,476,0,128.424333333333,0.164705882352941,2,0,35,"1",-0.861930692964181,-0.845710807837719,0.0386199298908044,0.396726393297536,-1.07917307078614,-0.715109849896159,-0.597738453182839,-0.444173458091628
11,3,154,0.0104895104895105,-0.00397515527950311,154,1,165.757666666667,0.440336134453782,2,0.228571428571429,35,"1",0.906513315014053,-0.366474683396345,1.01549031828146,1.69141347609412,0.684531539505497,1.52687830493292,1.19186300193081,1.16496539076561
12,2,112,0.00476190476190476,0.0014826443397872,476,0,105.161,0.231932773109244,2,0,35,"1",-0.861930692964181,-0.725901776727376,-0.217696520641054,-0.410025495170086,-0.649001214617448,-0.715109849896159,-0.597738453182839,-0.570752754657786
13,3,98,0.0170068027210884,-0.00244350613808742,98,1,205.396333333333,0.504201680672269,3,0.428571428571429,35,"1",0.906513315014053,-0.845710807837719,2.41870125625807,3.06604748625339,1.09319480286575,1.91678928838146,2.75776427515525,1.88024922975455
14,2,154,0.00274725274725274,0.00177018633540373,476,0,95.8556666666667,0.247058823529412,2,0,35,NA,-0.861930692964181,-0.366474683396345,-0.651462821541125,-0.732726250557135,-0.552212546979492,-0.715109849896159,-0.597738453182839,-0.702688432387618
15,2,140,0.00324675324675324,0.00148351648351648,476,0,100.508333333333,0.240336134453782,2,0,35,"1",-0.861930692964181,-0.486283714506689,-0.543917457681603,-0.57137587286361,-0.595229732596361,-0.715109849896159,-0.597738453182839,-0.657512721200383
17,3,210,0.00619747899159664,-0.000161117078410312,210,1,137.799666666667,0.420168067226891,2,0.142857142857143,35,"1",0.906513315014053,0.112761441045029,0.0913909638238356,0.721854686964829,0.555479982654889,1.13696732148439,0.52076245626319,0.682441253988398
18,2,70,0.0102040816326531,0.00201811536627999,476,0,105.161,0.231932773109244,2,0,35,"1",-0.861930692964181,-1.08532887005841,0.954035824647446,-0.410025495170086,-0.649001214617448,-0.715109849896159,-0.597738453182839,-0.336406285600086
22,3,98,0.0170068027210884,-0.00052779732582688,98,1,142.396333333333,0.163025210084034,2,0.0285714285714286,35,"2",0.906513315014053,-0.845710807837719,2.41870125625807,0.881263034034158,-1.08992736719036,1.91678928838146,-0.374038271293633,1.00666790529948
23,2,210,0.00157563025210084,-2.07147569198068e-19,476,0,91.203,0.252100840336134,2,0,35,"2",-0.861930692964181,0.112761441045029,-0.903719961770443,-0.894076628250659,-0.51994965776684,-0.715109849896159,-0.597738453182839,-0.778957358129656
24,2,210,0.00157563025210084,-2.07147569198068e-19,476,0,91.203,0.252100840336134,2,0,35,"2",-0.861930692964181,0.112761441045029,-0.903719961770443,-0.894076628250659,-0.51994965776684,-0.715109849896159,-0.597738453182839,-0.778957358129656
29,3,210,0.00315126050420168,-0.00193340494092374,210,1,100.536333333333,0.357983193277311,2,0.0571428571428571,35,"2",0.906513315014053,0.112761441045029,-0.564477600772394,-0.570404857551513,0.157571015698849,1.13696732148439,-0.150338089404427,0.213233838774676
32,2,84,0.00765306122448979,0.000211118930330755,476,0,128.424333333333,0.164705882352941,2,0,35,"2",-0.861930692964181,-0.965519838948063,0.404786287793461,0.396726393297536,-1.07917307078614,-0.715109849896159,-0.597738453182839,-0.370940186511097
34,2,168,0.00235478806907378,0.00134105025409373,476,0,95.8556666666667,0.247058823529412,2,0,35,"2",-0.861930692964181,-0.246665652286001,-0.735962750287891,-0.732726250557135,-0.552212546979492,-0.715109849896159,-0.597738453182839,-0.719588418136972
41,3,98,0.016156462585034,-0.000645085620455077,98,1,137.757666666667,0.243697478991597,2,0.0571428571428571,35,NA,0.906513315014053,-0.845710807837719,2.23561807730674,0.720398163996682,-0.573721139787927,1.91678928838146,-0.150338089404427,1.0411195409822
43,3,210,0.00504201680672269,-0.00171858216970999,210,1,144.841666666667,0.66890756302521,3,0.285714285714286,35,"3",0.906513315014053,0.112761441045029,-0.157386767574734,0.966065037957334,2.14711585047905,1.13696732148439,1.63926336570922,0.999854951472017
44,3,210,0.00252100840336134,2.38266605430445e-18,210,1,210.091,0.633613445378151,3,0.514285714285714,35,NA,0.906513315014053,0.112761441045029,-0.700174545171613,3.22885438691506,1.92127562599049,1.13696732148439,3.42886482082286,1.29868722084648
47,2,70,0.0102040816326531,0.00181153662799936,476,0,109.813666666667,0.221848739495798,2,0,35,NA,-0.861930692964181,-1.08532887005841,0.954035824647446,-0.248675117476562,-0.713526993042752,-0.715109849896159,-0.597738453182839,-0.317041365746442
51,3,280,0.00510204081632653,-0.00204081632653061,280,1,105.203,0.408403361344538,2,0.0857142857142857,35,"3",0.906513315014053,0.711806596596747,-0.144463249060523,-0.40856897220194,0.480199907825368,0.649578592173716,0.0733620924847785,0.296651918750135
52,2,126,0.00389610389610389,0.00129426129426129,476,0,105.161,0.231932773109244,2,0,35,NA,-0.861930692964181,-0.606092745617032,-0.404108484664225,-0.410025495170086,-0.649001214617448,-0.715109849896159,-0.597738453182839,-0.60803514746242
53,3,140,0.011038961038961,0.00247252747252747,140,1,144.785666666667,0.433613445378151,3,0.171428571428571,35,"3",0.906513315014053,-0.486283714506689,1.13379021852693,0.964123007333139,0.641514353888627,1.62435605079505,0.744462638152396,1.05405938911156
54,2,210,0.00157563025210084,-2.07147569198068e-19,476,0,91.203,0.252100840336134,2,0,35,NA,-0.861930692964181,0.112761441045029,-0.903719961770443,-0.894076628250659,-0.51994965776684,-0.715109849896159,-0.597738453182839,-0.778957358129656
55,4,84,0.0229591836734694,-0.00292047853624208,84,1,196.063,0.59327731092437,3,0.371428571428571,35,"3",2.67495732299229,-0.965519838948063,3.70028350891737,2.74237571555425,1.66317251228927,2.01426703424359,2.31036391137684,2.55901121879935
62,2,126,0.00389610389610389,0.00124542124542124,476,0,105.161,0.231932773109244,2,0,35,"2",-0.861930692964181,-0.606092745617032,-0.404108484664225,-0.410025495170086,-0.649001214617448,-0.715109849896159,-0.597738453182839,-0.60803514746242
69,3,364,0.00449154020582592,-0.00238095238095238,364,1,112.203,0.504201680672269,3,0.142857142857143,35,NA,0.906513315014053,1.43066078325881,-0.275907582666604,-0.16581514417758,1.09319480286575,0.0647121170009125,0.52076245626319,0.324539501607307
70,2,112,0.00476190476190476,0.00113378684807256,476,0,109.813666666667,0.221848739495798,2,0,35,"2",-0.861930692964181,-0.725901776727376,-0.217696520641054,-0.248675117476562,-0.713526993042752,-0.715109849896159,-0.597738453182839,-0.551387834804142
75,2,126,0.00389610389610389,0.00195360195360195,476,0,100.508333333333,0.240336134453782,2,0,35,NA,-0.861930692964181,-0.606092745617032,-0.404108484664225,-0.57137587286361,-0.595229732596361,-0.715109849896159,-0.597738453182839,-0.629550926596907
76,3,210,0.00409663865546219,0.000805585392051557,210,1,116.855666666667,0.490756302521008,3,0.142857142857143,35,"2",0.906513315014053,0.112761441045029,-0.360932184173564,-0.00446476648405595,1.00716043163202,1.13696732148439,0.52076245626319,0.537048823494567
80,3,462,0.00319764269344101,5.37307164816435e-17,462,1,102.855666666667,0.349579831932773,3,0.0571428571428571,35,NA,0.906513315014053,2.26932400103121,-0.554491245556866,-0.489972422532775,0.103799533677763,-0.617632104034025,-0.150338089404427,-0.13035658468637
81,3,462,0.00339764683797303,5.37307164816435e-17,462,1,102.855666666667,0.346702317290553,3,0.0588235294117647,34,"1",0.906513315014053,2.26932400103121,-0.511429189525655,-0.489972422532775,0.0853868746826632,-0.617632104034025,-0.13717925517565,-0.125426705279148
82,2,210,0.00157563025210084,-2.07147569198068e-19,476,0,91.203,0.252100840336134,2,0,35,"1",-0.861930692964181,0.112761441045029,-0.903719961770443,-0.894076628250659,-0.51994965776684,-0.715109849896159,-0.597738453182839,-0.778957358129656
83,2,154,0.00274725274725274,0.00059006211180124,476,0,105.161,0.231932773109244,2,0,35,"1",-0.861930692964181,-0.366474683396345,-0.651462821541125,-0.410025495170086,-0.649001214617448,-0.715109849896159,-0.597738453182839,-0.6575060148378
84,2,182,0.00204081632653061,0.000766314430910708,476,0,95.8556666666667,0.247058823529412,2,0,35,"1",-0.861930692964181,-0.126856621175658,-0.803562693285304,-0.732726250557135,-0.552212546979492,-0.715109849896159,-0.597738453182839,-0.733108406736454
86,2,112,0.00476190476190476,0.0010465724751439,476,0,109.813666666667,0.221848739495798,2,0,35,"1",-0.861930692964181,-0.725901776727376,-0.217696520641054,-0.248675117476562,-0.713526993042752,-0.715109849896159,-0.597738453182839,-0.551387834804142
88,3,98,0.016156462585034,0.00113378684807256,98,1,114.480333333333,0.26890756302521,2,0.0285714285714286,35,"1",0.906513315014053,-0.845710807837719,2.23561807730674,-0.0868392321269885,-0.412406693724668,1.91678928838146,-0.374038271293633,0.911934950970119
89,2,154,0.00274725274725274,0.00177018633540373,476,0,95.8556666666667,0.247058823529412,2,0,35,"1",-0.861930692964181,-0.366474683396345,-0.651462821541125,-0.732726250557135,-0.552212546979492,-0.715109849896159,-0.597738453182839,-0.702688432387618
90,3,252,0.00513784461152882,-0.00140056022408964,252,1,119.133,0.25546218487395,2,0.0285714285714286,35,"1",0.906513315014053,0.47218853437606,-0.136754483630993,0.0745111455665356,-0.498441064958406,0.844534083897984,-0.374038271293633,0.238072599177835
94,3,406,0.00352772922294613,-0.00204081632653063,406,1,130.813666666667,0.440336134453782,3,0.142857142857143,35,"1",0.906513315014053,1.79008787658984,-0.483421695163516,0.479586366596517,0.684531539505497,-0.227721120585489,0.52076245626319,0.271897681073412
95,3,462,0.00260831605369421,5.37307164816435e-17,462,1,121.466333333333,0.299159663865546,3,0.0571428571428571,35,"1",0.906513315014053,2.26932400103121,-0.681376700060033,0.155429088241322,-0.218829358448756,-0.617632104034025,-0.150338089404427,-0.0911791518574877
96,3,462,0.00300120048019208,5.37307164816435e-17,462,1,112.161,0.327731092436975,3,0.0571428571428571,35,"1",0.906513315014053,2.26932400103121,-0.596786397057922,-0.167271667145726,-0.0360063195770621,-0.617632104034025,-0.150338089404427,-0.102236634560137
97,3,462,0.00248826803448652,5.37307164816435e-17,462,1,126.119,0.282352941176471,3,0.0571428571428571,35,"1",0.906513315014053,2.26932400103121,-0.707223737088456,0.316779465934847,-0.326372322490929,-0.617632104034025,-0.150338089404427,-0.0855870765329021
98,2,210,0.00157563025210084,-2.07147569198068e-19,476,0,91.203,0.252100840336134,2,0,35,"1",-0.861930692964181,0.112761441045029,-0.903719961770443,-0.894076628250659,-0.51994965776684,-0.715109849896159,-0.597738453182839,-0.778957358129656
99,2,210,0.00157563025210084,-2.07147569198068e-19,476,0,91.203,0.252100840336134,2,0,35,"1",-0.861930692964181,0.112761441045029,-0.903719961770443,-0.894076628250659,-0.51994965776684,-0.715109849896159,-0.597738453182839,-0.778957358129656
100,2,210,0.00157563025210084,-2.07147569198068e-19,476,0,91.203,0.252100840336134,2,0,35,"1",-0.861930692964181,0.112761441045029,-0.903719961770443,-0.894076628250659,-0.51994965776684,-0.715109849896159,-0.597738453182839,-0.778957358129656
101,3,98,0.0170068027210884,0.000175932441942296,98,1,133.091,0.205042016806723,2,0.0285714285714286,35,"3",0.906513315014053,-0.845710807837719,2.41870125625807,0.558562278647109,-0.821069957084925,1.91678928838146,-0.374038271293633,0.995899236243154
103,3,210,0.00304621848739496,-0.00112781954887218,210,1,137.799666666667,0.420168067226891,2,0.142857142857143,35,"3",0.906513315014053,0.112761441045029,-0.587093758172264,0.721854686964829,0.555479982654889,1.13696732148439,0.52076245626319,0.546744309589178
105,3,210,0.00766806722689076,-0.00150375939849624,210,1,179.799666666667,0.692436974789916,2,0.4,35,NA,0.906513315014053,0.112761441045029,0.408017167422015,2.17837765511099,2.29767600013809,1.13696732148439,2.53406409326604,1.38551029183391
109,3,336,0.00478021978021978,-0.00779220779220779,336,1,128.536333333333,0.635294117647059,2,0.228571428571429,35,NA,0.906513315014053,1.19104272103812,-0.213753190632872,0.400610454545925,1.9320299223947,0.25966760872518,1.19186300193081,0.657013622009398
110,3,168,0.00784929356357928,0.000635234330886505,168,1,177.466333333333,0.692436974789916,3,0.4,35,"3",0.906513315014053,-0.246665652286001,0.447036252166846,2.0974597124362,2.29767600013809,1.42940055907079,2.53406409326604,1.43561716776519
111,2,98,0.00595238095238095,0.00259989053092502,476,0,95.8556666666667,0.247058823529412,2,0,35,NA,-0.861930692964181,-0.845710807837719,0.0386199298908044,-0.732726250557135,-0.552212546979492,-0.715109849896159,-0.597738453182839,-0.564671882101232
112,3,448,0.00355710466004583,-3.00423170965818e-17,448,1,107.522333333333,0.398319327731092,3,0.0857142857142857,35,NA,0.906513315014053,2.14951496992087,-0.477096992636532,-0.328136537183202,0.415674129400064,-0.520154358171891,0.0733620924847785,-0.00064008871550173
114,2,154,0.00274725274725274,0.00111801242236025,476,0,100.508333333333,0.240336134453782,2,0,35,NA,-0.861930692964181,-0.366474683396345,-0.651462821541125,-0.57137587286361,-0.595229732596361,-0.715109849896159,-0.597738453182839,-0.679021793972287
115,2,238,0.0012531328320802,-2.42760816397488e-18,476,0,81.8976666666667,0.257142857142857,2,0,35,"3",-0.861930692964181,0.352379503265717,-0.973155532734956,-1.21677738363771,-0.487686768554189,-0.715109849896159,-0.597738453182839,-0.850932045557438
118,3,210,0.00514705882352941,2.89435962462217e-18,210,1,196.161,0.89572192513369,3,0.558823529411765,34,"3",0.906513315014053,0.112761441045029,-0.134770610174864,2.74577426914659,3.59845703339365,1.13696732148439,3.77757392788545,1.65058826577276
121,3,210,0.00735294117647059,-0.0027389903329753,210,1,142.424333333333,0.280672268907563,2,0.0857142857142857,35,NA,0.906513315014053,0.112761441045029,0.340168695222405,0.882234049346255,-0.337126618895146,1.13696732148439,0.0733620924847785,0.58575135243439
122,3,126,0.00779220779220779,-0.00112332112332112,126,1,128.452333333333,0.282352941176471,2,0.0571428571428571,35,"1",0.906513315014053,-0.606092745617032,0.434745353440043,0.397697408609633,-0.326372322490929,1.72183379665719,-0.150338089404427,0.626883510245998
124,2,154,0.00274725274725274,0.00124223602484472,476,0,100.508333333333,0.240336134453782,2,0,35,"1",-0.861930692964181,-0.366474683396345,-0.651462821541125,-0.57137587286361,-0.595229732596361,-0.715109849896159,-0.597738453182839,-0.679021793972287
128,2,56,0.0142857142857143,0.000576036866359449,476,0,133.077,0.146218487394958,2,0,35,"1",-0.861930692964181,-1.20513790116875,1.83283508361382,0.55807677099106,-1.19747033123253,-0.715109849896159,-0.597738453182839,-0.0767198038975972
130,2,168,0.00235478806907378,0.000635234330886503,476,0,100.508333333333,0.240336134453782,2,0,35,"1",-0.861930692964181,-0.246665652286001,-0.735962750287891,-0.57137587286361,-0.595229732596361,-0.715109849896159,-0.597738453182839,-0.695921779721641
131,2,140,0.00324675324675324,0.00148351648351648,476,0,100.508333333333,0.240336134453782,2,0,35,"1",-0.861930692964181,-0.486283714506689,-0.543917457681603,-0.57137587286361,-0.595229732596361,-0.715109849896159,-0.597738453182839,-0.657512721200383
132,3,210,0.00745798319327731,-0.0033297529538131,210,1,133.133,0.381512605042017,2,0.114285714285714,35,"1",0.906513315014053,0.112761441045029,0.362784852622275,0.560018801615255,0.308131165357891,1.13696732148439,0.297062274373984,0.654883091218772
133,3,154,0.0117382617382617,0.000403726708074533,154,1,128.438333333333,0.223529411764706,2,0.0285714285714286,35,"1",0.906513315014053,-0.366474683396345,1.28435372793026,0.397211900953585,-0.702772696638534,1.52687830493292,-0.374038271293633,0.682436910438458
134,2,98,0.00595238095238095,0.000586441473140983,476,0,119.119,0.196638655462185,2,0,35,"1",-0.861930692964181,-0.845710807837719,0.0386199298908044,0.0740256379104871,-0.874841439106011,-0.715109849896159,-0.597738453182839,-0.467847282833012
135,3,364,0.00422989708703995,-0.00238095238095238,364,1,126.161,0.458823529411765,3,0.142857142857143,35,"1",0.906513315014053,1.43066078325881,-0.332240868497782,0.318235988902993,0.802828799951887,0.0647121170009125,0.52076245626319,0.352009870474413
136,3,98,0.0119047619047619,0.00156384392837595,98,1,154.119,0.499159663865546,3,0.228571428571429,35,"1",0.906513315014053,-0.845710807837719,1.3202021825501,1.28779477803229,1.0609319136531,1.91678928838146,1.19186300193081,1.2984462955262
138,3,462,0.00316013590540269,5.37307164816435e-17,462,1,112.161,0.34280303030303,3,0.0606060606060606,33,"1",0.906513315014053,2.26932400103121,-0.562566675252767,-0.167271667145726,0.0604360923054545,-0.617632104034025,-0.123222915842099,-0.0761042078226023
140,3,84,0.0153061224489796,0.00179291233840529,84,1,142.466333333333,0.470588235294118,3,0.176470588235294,34,"1",0.906513315014053,-0.965519838948063,2.05253489835542,0.883690572314401,0.878108874781408,2.01426703424359,0.783939140838726,1.34702293894177
141,2,98,0.00595238095238095,0.000957854406130271,476,0,114.466333333333,0.210084033613445,2,0,35,NA,-0.861930692964181,-0.845710807837719,0.0386199298908044,-0.0873247397830371,-0.788807067872273,-0.715109849896159,-0.597738453182839,-0.482910484124969
143,3,98,0.016156462585034,-0.000351864883884586,98,1,168.091,0.467226890756303,3,0.257142857142857,35,NA,0.906513315014053,-0.845710807837719,2.23561807730674,1.77233141876891,0.856600281972973,1.91678928838146,1.41556318382001,1.53757047628883
145,2,98,0.00595238095238095,0.00189616076315584,476,0,105.161,0.231932773109244,2,0,35,NA,-0.861930692964181,-0.845710807837719,0.0386199298908044,-0.410025495170086,-0.649001214617448,-0.715109849896159,-0.597738453182839,-0.519489464551414
148,2,210,0.00157563025210084,-2.07147569198068e-19,476,0,91.203,0.252100840336134,2,0,35,"3",-0.861930692964181,0.112761441045029,-0.903719961770443,-0.894076628250659,-0.51994965776684,-0.715109849896159,-0.597738453182839,-0.778957358129656
149,2,210,0.00157563025210084,-2.07147569198068e-19,476,0,91.203,0.252100840336134,2,0,35,"3",-0.861930692964181,0.112761441045029,-0.903719961770443,-0.894076628250659,-0.51994965776684,-0.715109849896159,-0.597738453182839,-0.778957358129656
150,3,364,0.00449154020582592,-0.00238095238095238,364,1,112.203,0.504201680672269,3,0.142857142857143,35,"3",0.906513315014053,1.43066078325881,-0.275907582666604,-0.16581514417758,1.09319480286575,0.0647121170009125,0.52076245626319,0.324539501607307
154,3,280,0.00510204081632653,-0.00357142857142857,280,1,144.855666666667,0.727731092436975,3,0.314285714285714,35,"3",0.906513315014053,0.711806596596747,-0.144463249060523,0.966550545613382,2.52351622462665,0.649578592173716,1.86296354759842,0.980339085673456
157,4,462,0.00323038306231584,7.1640955308858e-17,98,1,156.417333333333,0.588235294117647,4,0.171428571428571,35,"3",2.67495732299229,2.26932400103121,-0.547442053640024,1.36749895156695,1.63090962307662,1.91678928838146,0.744462638152396,1.40854262647546
161,3,84,0.0178571428571429,-0.00214637579169599,84,1,233.396333333333,0.549579831932773,3,0.6,35,"2",0.906513315014053,-0.965519838948063,2.6017844352094,4.03706279835083,1.38356080577962,2.01426703424359,4.09996536649048,2.1886376777195
162,3,462,0.00250389248997891,5.37307164816435e-17,462,1,126.119,0.270944741532977,3,0.0588235294117647,34,"2",0.906513315014053,2.26932400103121,-0.703859700910882,0.316779465934847,-0.399371182931677,-0.617632104034025,-0.13717925517565,-0.099514041385537
167,2,210,0.00157563025210084,-2.07147569198068e-19,476,0,91.203,0.252100840336134,2,0,35,"2",-0.861930692964181,0.112761441045029,-0.903719961770443,-0.894076628250659,-0.51994965776684,-0.715109849896159,-0.597738453182839,-0.778957358129656
168,3,336,0.00467032967032967,0.00194805194805194,336,1,144.799666666667,0.492436974789916,3,0.2,35,NA,0.906513315014053,1.19104272103812,-0.237413170681966,0.964608514989188,1.01791472803623,0.25966760872518,0.968162820041602,0.582258199216537
172,2,168,0.00235478806907378,-9.9785252359867e-19,476,0,105.161,0.231932773109244,2,0,35,"2",-0.861930692964181,-0.246665652286001,-0.735962750287891,-0.410025495170086,-0.649001214617448,-0.715109849896159,-0.597738453182839,-0.674406000587153
175,2,84,0.00765306122448979,0.00221674876847291,476,0,100.508333333333,0.240336134453782,2,0,35,"2",-0.861930692964181,-0.965519838948063,0.404786287793461,-0.57137587286361,-0.595229732596361,-0.715109849896159,-0.597738453182839,-0.46777197210537
177,3,210,0.0078781512605042,-3.07295176860555e-19,210,1,130.799666666667,0.381512605042017,3,0.114285714285714,35,"2",0.906513315014053,0.112761441045029,0.453249482221755,0.479100858940469,0.308131165357891,1.13696732148439,0.297062274373984,0.656792428603711
178,3,210,0.00514705882352941,-3.07295176860555e-19,210,1,121.494333333333,0.416806722689076,3,0.114285714285714,35,"2",0.906513315014053,0.112761441045029,-0.134770610174864,0.15640010355342,0.533971389846455,1.13696732148439,0.297062274373984,0.51981630394469
181,2,210,0.00157563025210084,0.000805585392051556,476,0,86.5503333333333,0.25546218487395,2,0,35,"3",-0.861930692964181,0.112761441045029,-0.903719961770443,-1.05542700594418,-0.498441064958406,-0.715109849896159,-0.597738453182839,-0.806925715106674
182,4,266,0.00655209452201933,0.00273109243697479,266,1,119.154,0.710924369747899,4,0.0857142857142857,35,NA,2.67495732299229,0.591997565486404,0.167741750835427,0.0752394070506092,2.41597326058448,0.74705633803585,0.0733620924847785,1.21619361589973
183,4,462,0.00562042999017789,7.1640955308858e-17,210,1,151.848666666667,0.969747899159664,4,0.342857142857143,35,NA,2.67495732299229,2.26932400103121,-0.0328510437105148,1.20906161980972,4.07213490683394,1.13696732148439,2.08666372948763,1.81205402548196
185,3,210,0.00430672268907563,-0.000429645542427498,210,1,140.161,0.574789915966387,3,0.228571428571429,35,"3",0.906513315014053,0.112761441045029,-0.315699869373824,0.803743644951713,1.54487525184288,1.13696732148439,1.19186300193081,0.815279932783841
189,3,462,0.00302302739277529,5.37307164816435e-17,462,1,112.161,0.327731092436975,3,0.0571428571428571,35,"3",0.906513315014053,2.26932400103121,-0.592086935780027,-0.167271667145726,-0.0360063195770621,-0.617632104034025,-0.150338089404427,-0.101296742304558
192,2,210,0.00157563025210084,-2.07147569198068e-19,476,0,91.203,0.252100840336134,2,0,35,"3",-0.861930692964181,0.112761441045029,-0.903719961770443,-0.894076628250659,-0.51994965776684,-0.715109849896159,-0.597738453182839,-0.778957358129656
194,3,406,0.00371841728905132,-0.0183673469387756,406,1,105.203,0.408403361344538,2,0.0857142857142857,35,"3",0.906513315014053,1.79008787658984,-0.442365445022707,-0.40856897220194,0.480199907825368,-0.227721120585489,0.0733620924847785,0.061611537005857
198,2,252,0.00112781954887218,1.10284837107061e-19,476,0,77.245,0.257142857142857,2,0,35,NA,-0.861930692964181,0.47218853437606,-1.00013621173831,-1.37812776133123,-0.487686768554189,-0.715109849896159,-0.597738453182839,-0.888598256896814
201,3,98,0.0119047619047619,0.00111423879896786,98,1,130.785666666667,0.322689075630252,3,0.0857142857142857,35,"2",0.906513315014053,-0.845710807837719,1.3202021825501,0.47861535128442,-0.0682692087897139,1.91678928838146,0.0733620924847785,0.910770185688063
202,2,252,0.00112781954887218,1.10284837107061e-19,476,0,77.245,0.257142857142857,2,0,35,NA,-0.861930692964181,0.47218853437606,-1.00013621173831,-1.37812776133123,-0.487686768554189,-0.715109849896159,-0.597738453182839,-0.888598256896814
204,3,154,0.00849150849150849,-0.000807453416149071,154,1,154.133,0.557983193277311,3,0.257142857142857,35,"2",0.906513315014053,-0.366474683396345,0.585308862843374,1.28828028568833,1.43733228780071,1.52687830493292,1.41556318382001,1.14886261125588
209,2,210,0.00157563025210084,-2.07147569198068e-19,476,0,91.203,0.252100840336134,2,0,35,"2",-0.861930692964181,0.112761441045029,-0.903719961770443,-0.894076628250659,-0.51994965776684,-0.715109849896159,-0.597738453182839,-0.778957358129656
210,3,462,0.0034704791007312,5.37307164816435e-17,462,1,98.203,0.357983193277311,3,0.0571428571428571,35,"2",0.906513315014053,2.26932400103121,-0.495747979583178,-0.651322800226299,0.157571015698849,-0.617632104034025,-0.150338089404427,-0.14012371062612
212,2,210,0.00157563025210084,0.00161117078410311,476,0,86.5503333333333,0.315966386554622,2,0,35,"2",-0.861930692964181,0.112761441045029,-0.903719961770443,-1.05542700594418,-0.111286394406583,-0.715109849896159,-0.597738453182839,-0.72949478099631
215,2,98,0.00595238095238095,0.00259989053092502,476,0,95.8556666666667,0.247058823529412,2,0,35,NA,-0.861930692964181,-0.845710807837719,0.0386199298908044,-0.732726250557135,-0.552212546979492,-0.715109849896159,-0.597738453182839,-0.564671882101232
221,2,154,0.00274725274725274,0.00111801242236025,476,0,100.508333333333,0.240336134453782,2,0,35,"1",-0.861930692964181,-0.366474683396345,-0.651462821541125,-0.57137587286361,-0.595229732596361,-0.715109849896159,-0.597738453182839,-0.679021793972287
222,2,98,0.00595238095238095,0.00136836343732896,476,0,109.813666666667,0.221848739495798,2,0,35,"1",-0.861930692964181,-0.845710807837719,0.0386199298908044,-0.248675117476562,-0.713526993042752,-0.715109849896159,-0.597738453182839,-0.50012454469777
223,3,252,0.00488721804511278,-0.00140056022408964,252,1,95.8696666666667,0.305882352941176,2,0.0285714285714286,35,"1",0.906513315014053,0.47218853437606,-0.1907158416377,-0.732240742901086,-0.175812172831887,0.844534083897984,-0.374038271293633,0.130455728308273
224,2,98,0.00595238095238095,0.00259989053092502,476,0,95.8556666666667,0.247058823529412,2,0,35,NA,-0.861930692964181,-0.845710807837719,0.0386199298908044,-0.732726250557135,-0.552212546979492,-0.715109849896159,-0.597738453182839,-0.564671882101232
225,2,98,0.00595238095238095,0.00259989053092502,476,0,95.8556666666667,0.247058823529412,2,0,35,NA,-0.861930692964181,-0.845710807837719,0.0386199298908044,-0.732726250557135,-0.552212546979492,-0.715109849896159,-0.597738453182839,-0.564671882101232
226,2,98,0.00595238095238095,0.00259989053092502,476,0,95.8556666666667,0.247058823529412,2,0,35,NA,-0.861930692964181,-0.845710807837719,0.0386199298908044,-0.732726250557135,-0.552212546979492,-0.715109849896159,-0.597738453182839,-0.564671882101232
227,2,196,0.00178571428571429,-1.65827362908394e-18,476,0,95.8556666666667,0.247058823529412,2,0,35,NA,-0.861930692964181,-0.00704759006531424,-0.858487646970702,-0.732726250557135,-0.552212546979492,-0.715109849896159,-0.597738453182839,-0.744093397473534
229,2,0,0,0.00228091236494598,476,0,102.834666666667,0.231932773109244,2,0,35,NA,-0.861930692964181,-1.68437402561012,-1.24296232276849,-0.490700684016848,-0.649001214617448,-0.715109849896159,-0.597738453182839,-0.791940952852626
230,2,98,0.00595238095238095,0.00215028540151693,476,0,100.508333333333,0.240336134453782,2,0,35,NA,-0.861930692964181,-0.845710807837719,0.0386199298908044,-0.57137587286361,-0.595229732596361,-0.715109849896159,-0.597738453182839,-0.541005243685901
231,2,84,0.00765306122448979,0.00221674876847291,476,0,100.508333333333,0.240336134453782,2,0,35,NA,-0.861930692964181,-0.965519838948063,0.404786287793461,-0.57137587286361,-0.595229732596361,-0.715109849896159,-0.597738453182839,-0.46777197210537
232,2,98,0.00595238095238095,0.00132926733911956,476,0,109.813666666667,0.221848739495798,2,0,35,"1",-0.861930692964181,-0.845710807837719,0.0386199298908044,-0.248675117476562,-0.713526993042752,-0.715109849896159,-0.597738453182839,-0.50012454469777
233,2,210,0.00157563025210084,-2.07147569198068e-19,476,0,91.203,0.252100840336134,2,0,35,"1",-0.861930692964181,0.112761441045029,-0.903719961770443,-0.894076628250659,-0.51994965776684,-0.715109849896159,-0.597738453182839,-0.778957358129656
234,2,98,0.00595238095238095,0.00259989053092502,476,0,95.8556666666667,0.247058823529412,2,0,35,NA,-0.861930692964181,-0.845710807837719,0.0386199298908044,-0.732726250557135,-0.552212546979492,-0.715109849896159,-0.597738453182839,-0.564671882101232
235,2,42,0.0214285714285714,0.0021339547549225,476,0,105.161,0.231932773109244,2,0,35,"1",-0.861930692964181,-1.32494693227909,3.37073378680498,-0.410025495170086,-0.649001214617448,-0.715109849896159,-0.597738453182839,0.146933306831421
236,2,210,0.00157563025210084,-2.07147569198068e-19,476,0,91.203,0.252100840336134,2,0,35,"1",-0.861930692964181,0.112761441045029,-0.903719961770443,-0.894076628250659,-0.51994965776684,-0.715109849896159,-0.597738453182839,-0.778957358129656
237,2,210,0.00157563025210084,-2.07147569198068e-19,476,0,91.203,0.252100840336134,2,0,35,"1",-0.861930692964181,0.112761441045029,-0.903719961770443,-0.894076628250659,-0.51994965776684,-0.715109849896159,-0.597738453182839,-0.778957358129656
238,2,98,0.00595238095238095,0.00226757369614513,476,0,91.203,0.252100840336134,2,0,35,NA,-0.861930692964181,-0.845710807837719,0.0386199298908044,-0.894076628250659,-0.51994965776684,-0.715109849896159,-0.597738453182839,-0.590489379797407
