"individuo","bloco","familia","cruzamento","P1","P2","data","estacao","ano","estacao_ano","n_frutos","formato_elipsoide","casca_amarela","polpa_amarela","comp_mm","diam_mm","ind_formato","massa_fruto_g","massa_polpa_g","rend_polpa_pct","esp_casca_mm","esp_casca_inv","sst_brix","aacpd_planta","aacpd_folha","parcela","aacpdm","linha","coluna"
"2","1","1","293 x 355","293","355",2018-07-07,"inverno","2018","inverno_2018",2,0,0,1,69,65,1.06112295664534,120.8,27.545,22.8477410828312,14.185,4.34166666666667,11.25,126.5,126.5,"F1B1",126.5,"1","10"
"2","1","1","293 x 355","293","355",2019-06-10,"outono","2019","outono_2019",6,0,0,1,63.3333333333333,56.7733333333333,1.11730101130458,67.4816666666667,22.87,33.6762577220953,6.565,11.9616666666667,18.4166666666667,756.5,741.5,"F1B1",749,"1","10"
"2","1","1","293 x 355","293","355",2019-06-21,"inverno","2019","inverno_2019",7,0,0,1,62.2257142857143,56.0671428571429,1.11006407978771,68.9514285714286,26.1342857142857,36.7172177019138,4.38714285714286,14.1395238095238,14.0714285714286,756.5,741.5,"F1B1",749,"1","10"
"3","1","1","293 x 355","293","355",2018-07-07,"inverno","2018","inverno_2018",2,1,1,1,71,60,1.18295739348371,85.77,21.3,25.2522343529361,9.92,8.60666666666667,17,141.5,126.5,"F1B1",134,"1","11"
"3","1","1","293 x 355","293","355",2018-12-17,"primavera","2018","primavera_2018",1,1,1,1,74.5,64.3,1.15863141524106,87.14,39.57,45.4096855634611,8.93,9.59666666666667,19.1,441.5,426.5,"F1B1",434,"1","11"
"3","1","1","293 x 355","293","355",2019-02-28,"verao","2019","verao_2019",2,1,1,1,67.7,46.35,1.4618208482704,40.6,12.17,29.9425970873787,10.425,8.10166666666667,16.05,591.5,576.5,"F1B1",584,"1","11"
"4","1","1","293 x 355","293","355",2018-07-07,"inverno","2018","inverno_2018",2,0,1,1,71.15,59.3,1.19826533313974,84.955,36.705,43.0507217920189,7.21,11.3166666666667,13.15,141.5,141.5,"F1B1",141.5,"1","12"
"4","1","1","293 x 355","293","355",2018-11-23,"primavera","2018","primavera_2018",1,0,1,1,69.2,58,1.19310344827586,82.63,33.18,40.1549074186131,8.91,9.61666666666667,17.2,381.5,381.5,"F1B1",381.5,"1","12"
"4","1","1","293 x 355","293","355",2018-11-30,"primavera","2018","primavera_2018",1,0,1,1,59.2,52.7,1.12333965844402,46.83,12.2,26.0516762758915,4.92,13.6066666666667,18.6,411.5,411.5,"F1B1",411.5,"1","12"
"4","1","1","293 x 355","293","355",2018-12-11,"primavera","2018","primavera_2018",10,0,1,1,64.08,53.01,1.32223275187125,68.34,23.2,32.7675083104027,7.657,10.8696666666667,16.24,441.5,441.5,"F1B1",441.5,"1","12"
"4","1","1","293 x 355","293","355",2018-12-17,"primavera","2018","primavera_2018",1,0,1,1,72.3,66.9,1.08071748878924,114.07,41.66,36.5214342070658,9.03,9.49666666666667,19,441.5,441.5,"F1B1",441.5,"1","12"
"9","1","1","293 x 355","293","355",2019-06-10,"outono","2019","outono_2019",4,1,0,0,70.03,53.01,1.32184532546317,64.23,23.27,34.4867360159276,6.8275,11.6991666666667,17.7,771.5,741.5,"F1B1",756.5,"1","17"
"9","1","1","293 x 355","293","355",2019-06-21,"inverno","2019","inverno_2019",1,1,0,0,71.98,62.33,1.15482111342853,100.26,40.25,40.1456213844006,5.22,13.3066666666667,14,771.5,741.5,"F1B1",756.5,"1","17"
"10","1","1","293 x 355","293","355",2018-07-07,"inverno","2018","inverno_2018",4,0,0,0,67.525,56.85,1.19476075741031,89.855,35.3125,39.314905735265,9.83,8.69666666666667,15.85,156.5,141.5,"F1B1",149,"1","18"
"11","1","1","293 x 355","293","355",2019-06-10,"outono","2019","outono_2019",1,0,0,0,67.59,46.71,1.44701348747592,31.82,5.75,18.0703959773727,5.91,12.6166666666667,14.4,951.5,996.5,"F1B1",974,"1","19"
"12","1","1","293 x 355","293","355",2019-06-21,"inverno","2019","inverno_2019",2,0,1,1,63.805,49.62,1.29275687606955,61.685,21.54,34.962073818506,6.74,11.7866666666667,13.15,756.5,756.5,"F1B1",756.5,"1","20"
"13","1","1","293 x 355","293","355",2018-07-07,"inverno","2018","inverno_2018",3,1,1,1,77,70.6666666666667,1.09972314507198,176.256666666667,83.1233333333333,45.2896585069712,6.86,11.6666666666667,11.5666666666667,194,209,"F1B1",201.5,"1","21"
"13","1","1","293 x 355","293","355",2018-08-03,"inverno","2018","inverno_2018",5,1,1,1,87.65,67.354,1.3023289240869,150.1687,68.7802,45.4232946056323,9.086,9.44066666666667,15.97,284,299,"F1B1",291.5,"1","21"
"13","1","1","293 x 355","293","355",2018-11-30,"primavera","2018","primavera_2018",2,1,1,1,86.8,70.7,1.22767915200285,163.97,79.35,48.2499221467435,7.31,11.2166666666667,16.8,629,644,"F1B1",636.5,"1","21"
"15","1","1","293 x 355","293","355",2019-06-10,"outono","2019","outono_2019",3,1,1,1,59.2333333333333,47.8166666666667,1.23893536450601,40.0666666666667,9.44666666666667,23.5812132848254,5.96666666666667,12.56,8,741.5,696.5,"F1B1",719,"1","23"
"16","1","1","293 x 355","293","355",2018-11-23,"primavera","2018","primavera_2018",1,0,1,1,69.1,49.1,1.40733197556008,38.89,15.4,39.5988686037542,11.48,7.04666666666667,20.2,NA,NA,"F1B1",NA,"1","24"
"16","1","1","293 x 355","293","355",2018-11-30,"primavera","2018","primavera_2018",10,0,1,1,75.2,51.55,1.46017974871874,65.487,28.762,43.5550599556299,7.009,11.5176666666667,16.97,NA,NA,"F1B1",NA,"1","24"
"17","1","1","293 x 355","293","355",2019-06-10,"outono","2019","outono_2019",1,1,1,1,75.54,59.42,1.0941483198146,69.04,21.11,30.5764774044032,7.21,11.3166666666667,15.2,854,816.5,"F1B1",835.25,"1","25"
"18","1","1","293 x 355","293","355",2018-01-22,"verao","2018","verao_2018",4,0,0,0,70.85,57.225,1.23835831216517,76.5375,29.565,38.4132687852593,9.245,9.28166666666667,15,NA,NA,"F1B1",NA,"1","26"
"18","1","1","293 x 355","293","355",2018-01-30,"verao","2018","verao_2018",1,0,0,0,78.4,64.6,1.21362229102167,107.55,55.28,51.3993491399349,8.35,10.1766666666667,17.9,NA,NA,"F1B1",NA,"1","26"
"18","1","1","293 x 355","293","355",2018-08-03,"inverno","2018","inverno_2018",1,0,0,0,77.3,61.2,1.26307189542484,123.448,59.5,48.1984317283391,7.85,10.6766666666667,16.8,194,179,"F1B1",186.5,"1","26"
"18","1","1","293 x 355","293","355",2019-02-28,"verao","2019","verao_2019",9,0,0,0,67.6011111111111,58.1166666666667,1.16383124445711,75.5177777777778,29.86,39.29632904968,8.64444444444444,9.88222222222222,17.6,546.5,531.5,"F1B1",539,"1","26"
"22","1","2","501 x 355","501","355",2019-06-10,"outono","2019","outono_2019",1,1,1,1,100.31,73.86,1.35810993772001,170.61,48.12,28.2046773342711,9.15,9.37666666666667,13,876.5,876.5,"F2B1",876.5,"1","30"
"22","1","2","501 x 355","501","355",2019-06-21,"inverno","2019","inverno_2019",3,1,1,1,85.16,66.7233333333333,1.27701355353318,104.813333333333,19.77,18.9764054407701,10.83,7.69666666666667,10,876.5,876.5,"F2B1",876.5,"1","30"
"23","1","2","501 x 355","501","355",2019-06-10,"outono","2019","outono_2019",3,1,0,1,67.36,55.74,1.20718990152234,75.1133333333333,33.9633333333333,44.6268452249451,8.37666666666667,10.15,14.5,711.5,696.5,"F2B1",704,"1","31"
"24","1","2","501 x 355","501","355",2018-11-30,"primavera","2018","primavera_2018",2,0,1,1,86.8,75,1.15849527545017,178.055,52.035,29.5740138457965,10.245,8.28166666666667,16.95,321.5,321.5,"F2B1",321.5,"1","32"
"24","1","2","501 x 355","501","355",2019-05-15,"outono","2019","outono_2019",4,0,1,1,64.86,57.03,1.13886143918,70.68,13.89,19.3360141064218,9.39,9.13666666666667,15.275,651.5,651.5,"F2B1",651.5,"1","32"
"24","1","2","501 x 355","501","355",2019-06-10,"outono","2019","outono_2019",7,0,1,1,67.8171428571429,62.4842857142857,1.08670175123979,97.9385714285714,29.9657142857143,29.720331506711,8.55428571428572,9.97238095238095,14.0857142857143,711.5,711.5,"F2B1",711.5,"1","32"
"24","1","2","501 x 355","501","355",2019-06-21,"inverno","2019","inverno_2019",1,0,1,1,70.88,67.5,1.05007407407407,130.57,51.21,39.2203415792295,9.02,9.50666666666667,12.6,711.5,711.5,"F2B1",711.5,"1","32"
"29","1","2","501 x 355","501","355",2019-05-14,"outono","2019","outono_2019",2,0,0,1,67.49,47.365,1.42623698390917,45.82,6.83,14.1644960724176,6.2,12.3266666666667,16.3,681.5,636.5,"F2B1",659,"1","37"
"29","1","2","501 x 355","501","355",2019-06-10,"outono","2019","outono_2019",2,0,0,1,70.903,49.184,1.44620225976076,58.809,12.621,20.0915902303893,7.537,10.9896666666667,13.88,741.5,696.5,"F2B1",719,"1","37"
"32","1","2","501 x 355","501","355",2019-06-10,"outono","2019","outono_2019",7,1,1,1,77.235,60.329,1.28459577007592,76.857,12.973,15.4692824914438,13.669,4.85766666666667,15.03,831.5,816.5,"F2B1",824,"1","40"
"32","1","2","501 x 355","501","355",2019-06-21,"inverno","2019","inverno_2019",4,1,1,1,81.73,65.375,1.25407086772758,90.25,13.0625,14.9634967033042,15.0275,3.49916666666667,14.8,831.5,816.5,"F2B1",824,"1","40"
"34","1","2","501 x 355","501","355",2018-11-30,"primavera","2018","primavera_2018",2,0,0,1,76.65,67.15,1.14410160747597,113.375,44.55,38.6938146732622,6.255,12.2716666666667,15.55,336.5,321.5,"F2B1",329,"1","42"
"34","1","2","501 x 355","501","355",2019-05-14,"outono","2019","outono_2019",2,0,1,1,66.825,58.275,1.1478432805607,71.77,26.05,35.5906903434798,7.14,11.3866666666667,15.8,666.5,651.5,"F2B1",659,"1","42"
"34","1","2","501 x 355","501","355",2019-06-10,"outono","2019","outono_2019",5,0,0,1,69.835,58.39625,1.19952670478442,79.415,29.67,36.2572102439667,6.33875,12.1879166666667,13.725,726.5,711.5,"F2B1",719,"1","42"
"34","1","2","501 x 355","501","355",2019-06-21,"inverno","2019","inverno_2019",2,0,1,1,68.26,59.145,1.15399610125296,81.015,30.045,36.56433595347,6.675,11.8516666666667,11.7,726.5,711.5,"F2B1",719,"1","42"
"43","1","3","516 x 355","516","355",2019-06-10,"outono","2019","outono_2019",2,0,0,1,70.63,67.645,1.04473252822618,84.7975,30.9175,36.2420359178596,5.8025,12.7241666666667,10.7,861.5,816.5,"F3B1",839,"1","51"
"43","1","3","516 x 355","516","355",2019-06-21,"inverno","2019","inverno_2019",2,0,0,1,76.435,56.8,1.35587639311044,76.135,27.12,35.4862636345286,6.28,12.2466666666667,9.9,861.5,816.5,"F3B1",839,"1","51"
"51","1","3","516 x 355","516","355",2019-06-10,"outono","2019","outono_2019",2,0,0,1,57.88,53.565,1.07970206273112,48.435,16.72,34.5983067882796,7.85,10.6766666666667,13,741.5,711.5,"F3B1",726.5,"1","59"
"53","1","3","516 x 355","516","355",2019-06-10,"outono","2019","outono_2019",1,0,1,1,62.98,57.72,1.09112959112959,59.54,14.53,24.4037621766879,9.54,8.98666666666667,15.4,861.5,861.5,"F3B1",861.5,"1","61"
"55","1","3","516 x 355","516","355",2019-06-10,"outono","2019","outono_2019",3,0,1,1,74.5166666666667,66.84,1.13675432050816,111.003333333333,43.2533333333333,38.6671795827187,6.81666666666667,11.71,12.8666666666667,1026.5,996.5,"F3B1",1011.5,"1","63"
"55","1","3","516 x 355","516","355",2019-06-21,"inverno","2019","inverno_2019",1,0,1,1,74.96,75.43,0.993769057404216,141.49,59.05,41.7343981906848,9.24,9.28666666666667,13.3,1026.5,996.5,"F3B1",1011.5,"1","63"
"61","2","2","501 x 355","501","355",2018-11-30,"primavera","2018","primavera_2018",3,0,1,1,66.5,58.4,1.13929477873643,80.2533333333333,38.4533333333333,47.3191896378409,1.92666666666667,16.6,16,NA,NA,"F2B2",NA,NA,NA
"61","2","2","501 x 355","501","355",2018-12-11,"primavera","2018","primavera_2018",1,0,1,1,89.5,65,1.37692307692308,117.7,32.88,27.9354290569244,9.77,8.75666666666667,17.5,NA,NA,"F2B2",NA,NA,NA
"62","2","2","501 x 355","501","355",2019-06-10,"outono","2019","outono_2019",2,0,1,1,75.9522222222222,61.3333333333333,1.24508187584287,92.1177777777778,28.4866666666667,28.3977748707542,9.84333333333333,8.68333333333333,13.5444444444444,756.5,741.5,"F2B2",749,"1","70"
"70","2","2","501 x 355","501","355",2018-11-30,"primavera","2018","primavera_2018",7,1,1,1,74.0583333333333,57.6,1.28450122189083,98.37,42.8733333333333,42.4870082563772,8.20583333333333,10.3208333333333,17.0916666666667,381.5,396.5,"F2B2",389,"2","73"
"70","2","2","501 x 355","501","355",2018-12-10,"primavera","2018","primavera_2018",2,1,1,1,67.85,55.7,1.21659185532137,86.865,38.36,44.0060644660936,8.66,9.86666666666667,16.7,411.5,426.5,"F2B2",419,"2","73"
"70","2","2","501 x 355","501","355",2018-12-11,"primavera","2018","primavera_2018",1,1,1,1,54.6,41.3,1.32203389830508,40.12,10.42,25.9720837487537,8.27,10.2566666666667,14.6,411.5,426.5,"F2B2",419,"2","73"
"76","2","2","501 x 355","501","355",2018-11-30,"primavera","2018","primavera_2018",1,0,1,1,70.1,51.1,1.37181996086106,57.37,20.33,35.4366393585498,5.69,12.8366666666667,12.5,366.5,366.5,"F2B2",366.5,"2","67"
"76","2","2","501 x 355","501","355",2019-01-22,"verao","2019","verao_2019",1,0,1,1,82.4,61.8,1.33333333333333,115.94,41.31,35.6304985337243,7.2,11.3266666666667,11.7,456.5,471.5,"F2B2",464,"2","67"
"76","2","2","501 x 355","501","355",2019-05-14,"outono","2019","outono_2019",5,0,1,1,62.134,47.472,1.31519241196781,45.592,19.55,43.883583365602,7.044,11.4826666666667,13.8,696.5,711.5,"F2B2",704,"2","67"
"76","2","2","501 x 355","501","355",2019-06-10,"outono","2019","outono_2019",8,0,1,1,62.50875,47.3425,1.3235344804636,41.79375,16.605,41.7116617892389,6.58125,11.9454166666667,13.6,756.5,771.5,"F2B2",764,"2","67"
"81","2","1","293 x 355","293","355",2018-10-23,"primavera","2018","primavera_2018",1,0,1,1,94.9,73.8,1.28590785907859,131.4,27.4,20.8523592085236,13.7,4.82666666666667,14.8,246.5,246.5,"F1B2",246.5,NA,NA
"81","2","1","293 x 355","293","355",2018-11-30,"primavera","2018","primavera_2018",10,0,1,1,82.2727272727273,63.5727272727273,1.29508857461055,86.7009090909091,29.8518181818182,32.122234868317,9.66,8.86666666666667,14.3181818181818,336.5,336.5,"F1B2",336.5,NA,NA
"81","2","1","293 x 355","293","355",2018-12-17,"primavera","2018","primavera_2018",1,0,1,1,66.6,54.8,1.21532846715328,53.9,15.73,29.1836734693878,10.03,8.49666666666667,15.5,366.5,366.5,"F1B2",366.5,NA,NA
"82","2","1","293 x 355","293","355",2018-11-30,"primavera","2018","primavera_2018",4,0,1,1,70.675,55.825,1.26767787427917,70.985,30.165,41.2450207376462,6.8275,11.6991666666667,16.925,321.5,321.5,"F1B2",321.5,"2","61"
"82","2","1","293 x 355","293","355",2018-12-17,"primavera","2018","primavera_2018",2,0,1,1,85.25,66.5,1.28208105646631,117.645,49.51,40.4286854914132,8.765,9.76166666666667,18.9,351.5,351.5,"F1B2",351.5,"2","61"
"82","2","1","293 x 355","293","355",2019-06-10,"outono","2019","outono_2019",4,0,1,1,67.1477777777778,51.8833333333333,1.29551011815344,47.7588888888889,15.23,31.611499709151,6.89777777777778,11.6288888888889,14.1222222222222,711.5,711.5,"F1B2",711.5,"2","61"
"83","2","1","293 x 355","293","355",2019-06-10,"outono","2019","outono_2019",1,0,1,1,67.43,53.3,1.26510318949343,66.78,36.15,54.1329739442947,7.65,10.8766666666667,17.8,756.5,771.5,"F1B2",764,"2","60"
"84","2","1","293 x 355","293","355",2019-06-10,"outono","2019","outono_2019",2,0,1,1,63.42,55.245,1.14661536729641,61.13,18.325,30.4441580084225,7.37,11.1566666666667,12.45,726.5,711.5,"F1B2",719,"2","59"
"86","2","1","293 x 355","293","355",2018-11-30,"primavera","2018","primavera_2018",4,0,1,1,68.025,56.75,1.20415466230972,79.01,23.375,27.8771021575514,6.3875,12.1391666666667,19.9075,381.5,381.5,"F1B2",381.5,"2","57"
"86","2","1","293 x 355","293","355",2018-12-11,"primavera","2018","primavera_2018",1,0,1,1,65.4,65.4,1,60.5,12.8,21.1570247933884,5.06,13.4666666666667,17.2,411.5,411.5,"F1B2",411.5,"2","57"
"87","2","1","293 x 355","293","355",2018-07-07,"inverno","2018","inverno_2018",2,0,0,1,76.3,70.35,1.08462815041762,120.43,37.645,30.5099570318042,7.49,11.0366666666667,14.7,NA,NA,"F1B2",NA,"2","56"
"88","2","1","293 x 355","293","355",2018-08-03,"inverno","2018","inverno_2018",9,0,0,0,76.0777777777778,68.2666666666667,1.12293454859724,124.475222222222,52.3264444444444,41.6763876183415,6.60888888888889,11.9177777777778,17.0222222222222,224,224,"F1B2",224,"2","55"
"88","2","1","293 x 355","293","355",2018-11-30,"primavera","2018","primavera_2018",1,0,0,0,75.5,67,1.12686567164179,120.11,36.94,30.7551411206394,6.48,12.0466666666667,17.4,396.5,411.5,"F1B2",404,"2","55"
"88","2","1","293 x 355","293","355",2018-12-11,"primavera","2018","primavera_2018",4,0,0,0,59.0333333333333,47.8333333333333,1.24102291272579,36.78,12.65,30.5968535975782,5.63,12.8966666666667,16.1333333333333,426.5,441.5,"F1B2",434,"2","55"
"88","2","1","293 x 355","293","355",2019-06-10,"outono","2019","outono_2019",2,0,0,0,72.535,64.07,1.13399501539938,97.49,32.69,33.6711562961346,7.175,11.3516666666667,16.6,786.5,801.5,"F1B2",794,"2","55"
"89","2","1","293 x 355","293","355",2019-06-10,"outono","2019","outono_2019",6,0,0,1,59.8926666666667,51.9626666666667,1.15629932354667,48.672,16.9813333333333,34.4042746814105,7.17933333333333,11.3473333333333,13.22,726.5,696.5,"F1B2",711.5,"2","54"
"90","2","1","293 x 355","293","355",2019-06-10,"outono","2019","outono_2019",6,0,0,1,63.4622222222222,53.1411111111111,1.19498158335179,55.7466666666667,22.0288888888889,38.4703466938797,6.45666666666667,12.07,12.6888888888889,801.5,771.5,"F1B2",786.5,"2","53"
"90","2","1","293 x 355","293","355",2019-06-21,"inverno","2019","inverno_2019",6,0,0,1,66.035,54.87,1.20877108465761,66.1633333333333,24.8916666666667,37.4178500760304,6.47666666666667,12.05,13.6166666666667,801.5,771.5,"F1B2",786.5,"2","53"
"91","2","1","293 x 355","293","355",2018-11-23,"primavera","2018","primavera_2018",4,1,1,1,63.875,49.9,1.27868055721856,46.13,20.46,43.4729143651927,9.4175,9.10916666666667,20.15,NA,NA,"F1B2",NA,"2","52"
"91","2","1","293 x 355","293","355",2018-11-30,"primavera","2018","primavera_2018",11,1,1,1,69.4727272727273,55.1454545454545,1.26011162081085,58.9772727272727,19.4554545454545,32.6908568427313,10.9118181818182,7.61484848484849,20.7,NA,NA,"F1B2",NA,"2","52"
"94","2","1","293 x 355","293","355",2019-06-21,"inverno","2019","inverno_2019",15,1,0,1,67.1666666666667,54.992,1.2289047781492,71.1306666666667,34.7553333333333,48.1233755237366,4.56533333333333,13.9613333333333,12.66,809,756.5,"F1B2",782.75,"2","49"
"95","2","1","293 x 355","293","355",2018-07-07,"inverno","2018","inverno_2018",11,0,1,0,66.75,59.07,1.13225696699571,87.575,40.239,45.1693541851475,5.776,12.7506666666667,13.56,156.5,141.5,"F1B2",149,"2","48"
"95","2","1","293 x 355","293","355",2018-08-03,"inverno","2018","inverno_2018",2,0,1,0,70.4,62.1,1.13271806853583,107.396,49.255,45.4511244665362,6.535,11.9916666666667,13.6,209,194,"F1B2",201.5,"2","48"
"95","2","1","293 x 355","293","355",2018-11-30,"primavera","2018","primavera_2018",2,0,1,0,72.85,58.5,1.25264550264551,73.985,33.315,44.0150241359919,7.16,11.3666666666667,14.2,396.5,366.5,"F1B2",381.5,"2","48"
"95","2","1","293 x 355","293","355",2018-12-11,"primavera","2018","primavera_2018",1,0,1,0,65.7,55.6,1.18165467625899,69.3,25.86,37.3160173160173,6.05,12.4766666666667,17.3,426.5,396.5,"F1B2",411.5,"2","48"
"96","2","1","293 x 355","293","355",2019-06-10,"outono","2019","outono_2019",2,0,1,1,71.528,56.564,1.26283337763029,77.826,36.216,44.9552964430891,5.278,13.2486666666667,14.24,756.5,741.5,"F1B2",749,"2","47"
"96","2","1","293 x 355","293","355",2019-06-21,"inverno","2019","inverno_2019",2,0,1,1,67.68,54.52,1.24132071931566,49.14,9.98,20.4768897643502,5.435,13.0916666666667,16.75,756.5,741.5,"F1B2",749,"2","47"
"97","2","1","293 x 355","293","355",2019-01-30,"verao","2019","verao_2019",1,0,1,1,71.8,66.5,1.0796992481203,90.45,28.98,32.0398009950249,7.69,10.8366666666667,19.3,531.5,531.5,"F1B2",531.5,"2","46"
"97","2","1","293 x 355","293","355",2019-02-28,"verao","2019","verao_2019",7,0,1,1,85.3285714285714,71.7285714285714,1.18973549509762,129.55,55.1642857142857,41.9741018924637,9.36142857142857,9.1652380952381,19.8142857142857,591.5,591.5,"F1B2",591.5,"2","46"
"97","2","1","293 x 355","293","355",2019-06-10,"outono","2019","outono_2019",2,0,1,1,69.195,49.155,1.40784077938411,51.015,16.96,34.2434791093915,7.865,10.6616666666667,19.5,801.5,801.5,"F1B2",801.5,"2","46"
"97","2","1","293 x 355","293","355",2019-06-21,"inverno","2019","inverno_2019",5,0,1,1,68.258,55.066,1.24054724269005,62.29,20.97,31.8743964775689,6.384,12.1426666666667,16.78,801.5,801.5,"F1B2",801.5,"2","46"
"98","2","1","293 x 355","293","355",2019-06-10,"outono","2019","outono_2019",3,0,0,1,69.6266666666667,54.4266666666667,1.28237010975806,81.4666666666667,29.6566666666667,34.0644891693588,7.49666666666667,11.03,12.8666666666667,711.5,696.5,"F1B2",704,"2","45"
"98","2","1","293 x 355","293","355",2019-06-21,"inverno","2019","inverno_2019",3,0,0,1,65.28,54.3766666666667,1.21367072888631,59.17,15.84,26.9859633757177,8.65333333333333,9.87333333333333,14,711.5,696.5,"F1B2",704,"2","45"
"99","2","1","293 x 355","293","355",2019-06-21,"inverno","2019","inverno_2019",2,0,1,1,62.425,52.37,1.19201624077477,58.63,18.62,31.8519320530441,7.47,11.0566666666667,8.05,711.5,696.5,"F1B2",704,"2","44"
"100","3","1","293 x 355","293","355",2018-12-11,"primavera","2018","primavera_2018",1,0,1,1,68,61.6,1.1038961038961,17.13,8.81,51.4302393461763,16.6,1.92666666666667,17.5,351.5,336.5,"F1B3",344,"2","43"
"100","3","1","293 x 355","293","355",2019-01-30,"verao","2019","verao_2019",1,0,1,1,70.7,53.6,1.31902985074627,66.23,19.72,29.7750264230711,6.85,11.6766666666667,17.5,441.5,426.5,"F1B3",434,"2","43"
"100","3","1","293 x 355","293","355",2019-06-21,"inverno","2019","inverno_2019",2,0,1,1,68.845,57.975,1.18780078176688,78.3,30.28,38.6806193382151,6.29,12.2366666666667,9.95,711.5,696.5,"F1B3",704,"2","43"
"101","2","3","516 x 355","516","355",2019-01-30,"verao","2019","verao_2019",1,1,1,1,80.7,67.3,1.19910846953938,128.97,37.72,29.2471117314104,10.92,7.60666666666667,15.9,576.5,546.5,"F3B2",561.5,NA,NA
"101","2","3","516 x 355","516","355",2019-06-10,"outono","2019","outono_2019",3,1,1,1,72.31,60.2933333333333,1.19717057796602,87.1466666666667,34.7266666666667,37.7227554090307,7.42666666666667,11.1,13.1333333333333,846.5,816.5,"F3B2",831.5,NA,NA
"101","2","3","516 x 355","516","355",2019-06-21,"inverno","2019","inverno_2019",2,1,1,1,61.495,52.425,1.17172384381045,53.95,17.15,31.8456046635777,7.68,10.8466666666667,12.05,846.5,816.5,"F3B2",831.5,NA,NA
"103","2","3","516 x 355","516","355",2019-06-10,"outono","2019","outono_2019",1,0,1,1,30.99,16.46,1.88274605103281,23.22,10.26,44.1860465116279,7.86,10.6666666666667,11.6,861.5,801.5,"F3B2",831.5,"2","40"
"110","2","3","516 x 355","516","355",2019-06-10,"outono","2019","outono_2019",2,0,1,1,55.515,53.745,1.034414716733,64.775,29.505,45.6282095571307,5.58,12.9466666666667,13.75,959,876.5,"F3B2",917.75,"2","33"
"110","2","3","516 x 355","516","355",2019-06-21,"inverno","2019","inverno_2019",4,0,1,1,58.6425,54.7175,1.07194126240538,68.9625,30.8125,44.4904352696201,6.1125,12.4141666666667,12.425,959,876.5,"F3B2",917.75,"2","33"
"115","2","3","516 x 355","516","355",2019-06-10,"outono","2019","outono_2019",1,0,0,1,77.71,59.1,1.31489001692047,86.53,28.24,32.636079972264,11.49,7.03666666666667,11.6,681.5,711.5,"F3B2",696.5,"2","28"
"118","2","3","516 x 355","516","355",2019-06-10,"outono","2019","outono_2019",1,1,1,1,78.56,63.86,1.23019104290636,50.26,11.07,22.0254675686431,6.49,12.0366666666667,14.2,1004,914,"F3B2",959,"2","25"
"118","2","3","516 x 355","516","355",2019-06-21,"inverno","2019","inverno_2019",1,1,1,1,76.24,64.08,1.18976279650437,48.45,14.63,30.1960784313725,8.83,9.69666666666667,11.8,1004,914,"F3B2",959,"2","25"
"122","3","1","293 x 355","293","355",2019-01-22,"verao","2019","verao_2019",2,0,0,1,69.7,57,1.22048070118809,78.255,36.2,45.9092231410184,6.465,12.0616666666667,19.05,531.5,531.5,"F1B3",531.5,"2","21"
"122","3","1","293 x 355","293","355",2019-06-10,"outono","2019","outono_2019",1,0,0,1,59.44,46.11,1.2890913034049,50.65,21.96,43.3563672260612,6.39,12.1366666666667,11.1,831.5,831.5,"F1B3",831.5,"2","21"
"124","3","1","293 x 355","293","355",2019-06-10,"outono","2019","outono_2019",2,0,1,1,61.495,49.0975,1.2559208440427,53.395,22.425,40.0393081247321,6.7725,11.7541666666667,10.05,741.5,741.5,"F1B3",741.5,"2","19"
"124","3","1","293 x 355","293","355",2019-06-21,"inverno","2019","inverno_2019",1,0,1,1,63.9,54.41,1.17441646756111,64.05,29.03,45.3239656518345,7.57,10.9566666666667,9.8,741.5,741.5,"F1B3",741.5,"2","19"
"128","3","1","293 x 355","293","355",2018-12-17,"primavera","2018","primavera_2018",1,0,1,1,67.3,42.5,1.58352941176471,19.86,1.4,7.04934541792548,4.49,14.0366666666667,16.3,486.5,486.5,"F1B3",486.5,"2","15"
"128","3","1","293 x 355","293","355",2019-06-10,"outono","2019","outono_2019",11,0,1,1,77.5881818181818,52.5554545454545,1.47944242092148,37.8418181818182,7.31,17.8752766264261,5.98090909090909,12.5457575757576,13.7636363636364,846.5,846.5,"F1B3",846.5,"2","15"
"128","3","1","293 x 355","293","355",2019-06-21,"inverno","2019","inverno_2019",3,0,1,1,80.6266666666667,56.5466666666667,1.43389106968469,60.19,19.9933333333333,32.2728278121099,4.21666666666667,14.31,12.0333333333333,846.5,846.5,"F1B3",846.5,"2","15"
"130","3","1","293 x 355","293","355",2018-11-30,"primavera","2018","primavera_2018",2,1,1,1,79.55,56.8,1.40295572830988,64.9,15.285,24.3819886558967,5.92,12.6066666666667,12.8,351.5,336.5,"F1B3",344,"2","13"
"130","3","1","293 x 355","293","355",2019-06-10,"outono","2019","outono_2019",3,1,1,1,79.3933333333333,62.7366666666667,1.26452255850016,92.49,37.84,39.6325503943609,5.83,12.6966666666667,12.2,741.5,726.5,"F1B3",734,"2","13"
"131","3","1","293 x 355","293","355",2018-11-30,"primavera","2018","primavera_2018",3,1,0,1,79.2666666666667,59.4,1.3350782589547,89.45,38.8233333333333,42.6931244133727,7.10333333333333,11.4233333333333,17.6,351.5,366.5,"F1B3",359,"2","12"
"131","3","1","293 x 355","293","355",2019-01-31,"verao","2019","verao_2019",2,1,0,1,72.75,63.75,1.14094810334861,88.725,37.82,42.3189467372679,8.05,10.4766666666667,18.05,471.5,486.5,"F1B3",479,"2","12"
"131","3","1","293 x 355","293","355",2019-05-14,"outono","2019","outono_2019",6,1,1,1,75.125,63.7433333333333,1.17897390614148,87.9216666666667,38.9433333333333,43.7693089627037,6.29666666666667,12.23,12.8333333333333,681.5,696.5,"F1B3",689,"2","12"
"131","3","1","293 x 355","293","355",2019-06-10,"outono","2019","outono_2019",NA,1,0,1,75.54,62.2925,1.21842337326893,98.7425,48.6075,48.3472877003409,5.5425,12.9841666666667,11.775,741.5,756.5,"F1B3",749,"2","12"
"132","3","1","293 x 355","293","355",2019-01-22,"verao","2019","verao_2019",2,0,1,0,59,54.2,1.08841041003557,57.16,13.04,22.8509381353722,11.335,7.19166666666667,15,546.5,561.5,"F1B3",554,"2","11"
"132","3","1","293 x 355","293","355",2019-05-14,"outono","2019","outono_2019",3,0,1,0,70.3733333333333,66.0333333333333,1.06342016949632,118.646666666667,38.7933333333333,34.2099840167188,8.35,10.1766666666667,14.3333333333333,786.5,801.5,"F1B3",794,"2","11"
"132","3","1","293 x 355","293","355",2019-06-10,"outono","2019","outono_2019",3,0,1,0,66.665,60.107,1.10798120523985,83.943,34.095,39.7300872842815,8.392,10.1346666666667,14.33,846.5,861.5,"F1B3",854,"2","11"
"133","3","1","293 x 355","293","355",2019-06-21,"inverno","2019","inverno_2019",5,1,1,0,65.526,56.314,1.16110922791422,73.254,33.54,43.3554859493889,6.342,12.1846666666667,13.48,831.5,831.5,"F1B3",831.5,"2","10"
"134","3","1","293 x 355","293","355",2019-06-10,"outono","2019","outono_2019",11,0,1,1,58.3009090909091,60.1709090909091,0.971746633188741,79.3509090909091,24.24,28.5729051890637,10.3263636363636,8.20030303030303,14.8090909090909,801.5,801.5,"F1B3",801.5,"2","9"
"135","3","1","293 x 355","293","355",2019-06-10,"outono","2019","outono_2019",1,0,1,1,65.85,59.05,1.1151566469094,52.27,19.21,36.7514826860532,9.65,8.87666666666667,15.9,801.5,801.5,"F1B3",801.5,"2","8"
"136","3","1","293 x 355","293","355",2018-11-30,"primavera","2018","primavera_2018",3,0,1,1,68.2,50.6666666666667,1.35024187313379,59.4466666666667,20.9666666666667,35.2812415007263,5.80333333333333,12.7233333333333,16.5666666666667,456.5,456.5,"F1B3",456.5,"2","7"
"136","3","1","293 x 355","293","355",2019-01-30,"verao","2019","verao_2019",3,0,1,1,80.9,61.1666666666667,1.32357219696019,113.543333333333,56.18,49.5077300133406,7.62666666666667,10.9,15.6,576.5,576.5,"F1B3",576.5,"2","7"
"138","3","1","293 x 355","293","355",2019-02-28,"verao","2019","verao_2019",3,1,1,0,66.0666666666667,51.9,1.27425375862241,43.4133333333333,14.5766666666667,32.9838107906126,8.64666666666667,9.88,19.8666666666667,546.5,546.5,"F1B3",546.5,"2","5"
"138","3","1","293 x 355","293","355",2019-06-10,"outono","2019","outono_2019",1,1,1,0,65.85,55.1,1.1950998185118,43.65,10.86,24.8797250859107,8.56,9.96666666666667,16.9,756.5,756.5,"F1B3",756.5,"2","5"
"138","3","1","293 x 355","293","355",2019-06-21,"inverno","2019","inverno_2019",4,1,1,0,61.355,49.69,1.23785460347789,30.6375,10.4,34.0460463902929,5.655,12.8716666666667,12.5,756.5,756.5,"F1B3",756.5,"2","5"
"140","3","1","293 x 355","293","355",2019-06-10,"outono","2019","outono_2019",4,1,1,1,72.4925,60.9125,1.19526627330354,95.68,44.845,46.2761264253498,6.17,12.3566666666667,12.475,861.5,846.5,"F1B3",854,"2","3"
"140","3","1","293 x 355","293","355",2019-06-21,"inverno","2019","inverno_2019",3,1,1,1,72.7633333333333,58.6533333333333,1.24438005987471,86.5133333333333,43.65,51.2127891524464,5.23333333333333,13.2933333333333,12.4703125,861.5,846.5,"F1B3",854,"2","3"
"148","3","3","516 x 355","516","355",2019-06-10,"outono","2019","outono_2019",3,0,1,1,75.79,58.5033333333333,1.30179292539597,81.3966666666667,27.5466666666667,33.5219872301386,8.05666666666667,10.47,14.8666666666667,711.5,711.5,"F3B3",711.5,"3","6"
"148","3","3","516 x 355","516","355",2019-06-21,"inverno","2019","inverno_2019",5,0,1,1,81.496,59.248,1.37713653937759,73.168,23.406,31.0414680021656,7.54,10.9866666666667,15.6,711.5,711.5,"F3B3",711.5,"3","6"
"149","3","3","516 x 355","516","355",2018-11-30,"primavera","2018","primavera_2018",2,0,1,1,79.55,68.35,1.16404205657509,107.035,32,29.7988879642178,9.44,9.08666666666667,17.7,321.5,306.5,"F3B3",314,"3","7"
"149","3","3","516 x 355","516","355",2018-12-11,"primavera","2018","primavera_2018",1,0,1,1,69.5,60.8,1.14309210526316,68.25,20.16,29.5384615384615,8.33,10.1966666666667,14.9,351.5,336.5,"F3B3",344,"3","7"
"149","3","3","516 x 355","516","355",2018-12-17,"primavera","2018","primavera_2018",2,0,1,1,79.2,74.4,1.06451525453135,118.165,39.855,33.8018110742484,10.47,8.05666666666667,17.55,351.5,336.5,"F3B3",344,"3","7"
"149","3","3","516 x 355","516","355",2019-01-30,"verao","2019","verao_2019",1,0,1,1,81,78.5,1.03184713375796,108.6,37.74,34.7513812154696,10.94,7.58666666666667,14.9,441.5,426.5,"F3B3",434,"3","7"
"149","3","3","516 x 355","516","355",2019-02-28,"verao","2019","verao_2019",3,0,1,1,74.5666666666667,68.6666666666667,1.08596082781046,91.2766666666667,20.96,22.9179905504676,11.6366666666667,6.89,17.9,501.5,486.5,"F3B3",494,"3","7"
"149","3","3","516 x 355","516","355",2019-06-14,"outono","2019","outono_2019",6,0,1,1,74.355,66.5616666666667,1.11635176293006,86.4733333333333,22.3766666666667,25.719879826048,10.1183333333333,8.40833333333333,16.05,711.5,696.5,"F3B3",704,"3","7"
"150","3","3","516 x 355","516","355",2019-05-14,"outono","2019","outono_2019",2,0,1,0,69.94,64.32,1.09299046834985,82.925,29.32,34.4561603219003,9.26,9.26666666666667,15.75,696.5,681.5,"F3B3",689,"3","8"
"150","3","3","516 x 355","516","355",2019-06-10,"outono","2019","outono_2019",1,0,1,0,77.58,66.31,1.16995928215955,102.95,33.05,32.1029626032054,9.36,9.16666666666667,13.7,756.5,741.5,"F3B3",749,"3","8"
"152","3","3","516 x 355","516","355",2018-07-07,"inverno","2018","inverno_2018",1,0,0,0,67.9,50.1,1.35528942115768,72.01,23.89,33.1759477850299,7.74,10.7866666666667,13,NA,NA,"F3B3",NA,"3","10"
"154","3","3","516 x 355","516","355",2018-12-11,"primavera","2018","primavera_2018",1,0,1,1,77.1,77.7,0.992277992277992,120.75,47.1,39.0062111801242,11.51,7.01666666666667,13.6,366.5,381.5,"F3B3",374,"3","12"
"157","3","3","516 x 355","516","355",2019-06-21,"inverno","2019","inverno_2019",1,1,1,1,67.23,56.23,1.19562511115063,71.33,34.84,48.8434038973784,7.33,11.1966666666667,13.1,876.5,876.5,"F3B3",876.5,"3","15"
"161","3","2","501 x 355","501","355",2019-06-10,"outono","2019","outono_2019",4,1,1,1,74.35,64.51,1.15780240260177,78.2675,33.715,42.1252695571863,6.145,12.3816666666667,11.375,1146.5,1116.5,"F2B3",1131.5,NA,NA
"161","3","2","501 x 355","501","355",2019-06-21,"inverno","2019","inverno_2019",1,1,1,1,77.06,66.41,1.160367414546,85.59,26.73,31.2302839116719,4.5,14.0266666666667,11.7,1146.5,1116.5,"F2B3",1131.5,NA,NA
"162","3","2","501 x 355","501","355",2018-11-30,"primavera","2018","primavera_2018",2,0,1,1,69.45,53.75,1.29211606623653,70.01,24.46,31.6454705487071,7.4,11.1266666666667,16.8,381.5,381.5,"F2B3",381.5,"3","20"
"162","3","2","501 x 355","501","355",2018-12-11,"primavera","2018","primavera_2018",4,0,1,1,66.175,52.5,1.2644437350869,47.255,9.83,19.3280009608797,8.035,10.4916666666667,15.8,411.5,411.5,"F2B3",411.5,"3","20"
"162","3","2","501 x 355","501","355",2019-01-30,"verao","2019","verao_2019",1,0,1,1,66.3,60.5,1.09586776859504,79.74,33.52,42.0366190117883,11.23,7.29666666666667,17.1,501.5,501.5,"F2B3",501.5,"3","20"
"162","3","2","501 x 355","501","355",2019-06-10,"outono","2019","outono_2019",3,0,1,1,62.7833333333333,55.42,1.13746736076099,56.23,22.55,38.7799931067994,7.17,11.3566666666667,13.7666666666667,771.5,771.5,"F2B3",771.5,"3","20"
"162","3","2","501 x 355","501","355",2019-06-21,"inverno","2019","inverno_2019",3,0,1,1,57.6933333333333,50.2733333333333,1.14720622406296,45.2566666666667,15.3733333333333,33.5198291140611,6.53666666666667,11.99,10.1333333333333,771.5,771.5,"F2B3",771.5,"3","20"
"166","3","2","501 x 355","501","355",2019-06-10,"outono","2019","outono_2019",4,1,1,1,86.0175,68.0675,1.26722748530321,117.19,30.7775,23.8472016066606,10.31,8.21666666666667,12.775,NA,NA,"F2B3",NA,"3","24"
"167","3","2","501 x 355","501","355",2018-11-30,"primavera","2018","primavera_2018",7,1,1,1,90.3571428571429,71.3857142857143,1.27060833029754,152.724285714286,55.4042857142857,35.4532250270098,7.51571428571429,11.0109523809524,17.9714285714286,321.5,321.5,"F2B3",321.5,"3","25"
"167","3","2","501 x 355","501","355",2019-01-22,"verao","2019","verao_2019",5,1,1,1,88.92,70.48,1.2649747682045,165.274,64.766,38.1874031134942,9.096,9.43066666666667,13.96,411.5,411.5,"F2B3",411.5,"3","25"
"167","3","2","501 x 355","501","355",2019-01-30,"verao","2019","verao_2019",1,1,1,1,85.82,63.48,1.35192186515438,120.22,48.64,40.4591582099484,7.28,11.2466666666667,14.3,441.5,441.5,"F2B3",441.5,"3","25"
"167","3","2","501 x 355","501","355",2019-06-10,"outono","2019","outono_2019",2,1,1,1,91.155,73.785,1.2367625926883,142.735,41.505,29.1910426503106,8.01,10.5166666666667,11.7,711.5,711.5,"F2B3",711.5,"3","25"
"170","3","2","501 x 355","501","355",2018-12-11,"primavera","2018","primavera_2018",2,1,0,1,92.4,73.1,1.25993432072063,170.365,57.665,33.5476201988382,7.125,11.4016666666667,16.3,NA,NA,"F2B3",NA,"3","28"
"172","3","2","501 x 355","501","355",2018-11-30,"primavera","2018","primavera_2018",1,0,0,0,71.1,59.4,1.1969696969697,78.17,28.21,36.0880133043367,10.98,7.54666666666667,19.4,366.5,366.5,"F2B3",366.5,"3","30"
"172","3","2","501 x 355","501","355",2019-05-14,"outono","2019","outono_2019",3,0,0,0,68.6733333333333,61.16,1.12611342504404,70.5066666666667,22.54,31.8336257691215,10.1733333333333,8.35333333333333,16.8333333333333,696.5,696.5,"F2B3",696.5,"3","30"
"172","3","2","501 x 355","501","355",2019-06-21,"inverno","2019","inverno_2019",6,0,0,0,70.3416666666667,63.6133333333333,1.10855466731447,93.2166666666667,33.6183333333333,36.2925653537332,7.40333333333333,11.1233333333333,12.2166666666667,756.5,756.5,"F2B3",756.5,"3","30"
"175","3","2","501 x 355","501","355",2019-06-10,"outono","2019","outono_2019",5,0,1,1,78.308,68.09,1.14973015951617,87.254,14.026,15.4014890646654,11.768,6.75866666666667,12.64,741.5,741.5,"F2B3",741.5,"3","33"
"175","3","2","501 x 355","501","355",2019-06-21,"inverno","2019","inverno_2019",2,0,1,1,89.23,75.955,1.17636592040542,119.385,28.79,23.8541286942097,13.505,5.02166666666667,12.85,741.5,741.5,"F2B3",741.5,"3","33"
"177","3","2","501 x 355","501","355",2019-06-21,"inverno","2019","inverno_2019",1,0,1,1,62.13,50.09,1.24036733879018,33.33,2.6,7.8007800780078,9.65,8.87666666666667,13.6,816.5,786.5,"F2B3",801.5,"3","35"
"178","3","2","501 x 355","501","355",2019-06-10,"outono","2019","outono_2019",4,0,1,1,76.5375,69.765,1.10048960523009,109.1775,40.065,35.9386846214828,9.8925,8.63416666666667,15.8,786.5,756.5,"F2B3",771.5,"3","36"
"178","3","2","501 x 355","501","355",2019-06-21,"inverno","2019","inverno_2019",1,0,1,1,54.59,48.19,1.1328076364391,21.12,6.55,31.0132575757576,12.25,6.27666666666667,16,786.5,756.5,"F2B3",771.5,"3","36"
"181","4","3","516 x 355","516","355",2018-12-11,"primavera","2018","primavera_2018",2,0,1,1,78.25,70.9,1.10384685153401,120.435,41.59,34.0788732972071,9.155,9.37166666666667,18.05,336.5,336.5,"F3B4",336.5,NA,NA
"185","4","3","516 x 355","516","355",2019-06-10,"outono","2019","outono_2019",1,0,1,1,57.35,49.82,1.15114411882778,28.26,4.43,15.6758669497523,7.25,11.2766666666667,13,846.5,756.5,"F3B4",801.5,"3","43"
"189","4","3","516 x 355","516","355",2018-11-30,"primavera","2018","primavera_2018",1,0,1,1,66,58.4,1.13013698630137,59.31,16.76,28.2583038273478,5.25,13.2766666666667,19.1,366.5,351.5,"F3B4",359,"3","47"
"189","4","3","516 x 355","516","355",2018-12-17,"primavera","2018","primavera_2018",1,0,1,1,64.8,55.4,1.16967509025271,68.08,27.8,40.834312573443,4.97,13.5566666666667,20.2,396.5,381.5,"F3B4",389,"3","47"
"189","4","3","516 x 355","516","355",2019-05-14,"outono","2019","outono_2019",1,0,1,1,68.77,60.57,1.1353805514281,63.09,16.43,26.0421619908068,9.46,9.06666666666667,15.8,696.5,681.5,"F3B4",689,"3","47"
"189","4","3","516 x 355","516","355",2019-06-21,"inverno","2019","inverno_2019",2,0,1,1,75.59,65.99,1.14778078503658,95.85,32.63,32.7334705372303,8.31,10.2166666666667,12.65,756.5,741.5,"F3B4",749,"3","47"
"192","4","3","516 x 355","516","355",2018-12-11,"primavera","2018","primavera_2018",1,0,1,1,85.8,80.1,1.07116104868914,171.28,62.89,36.7176553012611,6.24,12.2866666666667,14.7,351.5,336.5,"F3B4",344,"3","50"
"192","4","3","516 x 355","516","355",2019-05-14,"outono","2019","outono_2019",1,0,1,1,72.98,63.92,1.14173967459324,82.48,28.58,34.650824442289,10.96,7.56666666666667,17.1,651.5,636.5,"F3B4",644,"3","50"
"192","4","3","516 x 355","516","355",2019-06-10,"outono","2019","outono_2019",3,0,1,1,68.3066666666667,63.03,1.08461548456246,75.7066666666667,24.16,31.3211143643878,11.8266666666667,6.7,14,711.5,696.5,"F3B4",704,"3","50"
"192","4","3","516 x 355","516","355",2019-06-21,"inverno","2019","inverno_2019",3,0,1,1,64.07,50.99,1.25735498578713,49.4866666666667,14.8466666666667,29.9783825638141,8.47333333333333,10.0533333333333,12.4666666666667,711.5,696.5,"F3B4",704,"3","50"
"194","4","3","516 x 355","516","355",2019-06-21,"inverno","2019","inverno_2019",1,0,0,1,59.24,49.4,1.19919028340081,46.13,10.68,23.1519618469543,10.71,7.81666666666667,11.6,749,779,"F3B4",764,"3","52"
"201","4","2","501 x 355","501","355",2019-06-10,"outono","2019","outono_2019",3,1,1,0,72.9733333333333,56.7633333333333,1.28613649440458,81.6166666666667,21.6966666666667,26.7385664921505,8.95333333333333,9.57333333333333,10.9666666666667,816.5,816.5,"F2B4",816.5,NA,NA
"201","4","2","501 x 355","501","355",2019-06-21,"inverno","2019","inverno_2019",2,1,1,0,73.79,66.875,1.11977528706231,122.115,46.035,34.415783632209,7.935,10.5916666666667,10.75,816.5,816.5,"F2B4",816.5,NA,NA
"204","4","2","501 x 355","501","355",2019-06-21,"inverno","2019","inverno_2019",1,0,1,1,69.47,70.11,0.990871487662245,67.61,18.45,27.2888625942908,7.22,11.3066666666667,8.7,891.5,951.5,"F2B4",921.5,"3","62"
"208","4","2","501 x 355","501","355",2018-08-03,"inverno","2018","inverno_2018",1,0,0,1,66.3,56.8,1.16725352112676,62.77,15.78,25.1393978014975,7.61,10.9166666666667,14.01,NA,NA,"F2B4",NA,"3","66"
"209","4","2","501 x 355","501","355",2018-11-30,"primavera","2018","primavera_2018",1,0,1,1,83.9,69,1.21594202898551,115.15,53.07,46.0877116804168,6.54,11.9866666666667,18,464,479,"F2B4",471.5,"3","67"
"210","4","2","501 x 355","501","355",2018-06-21,"inverno","2018","inverno_2018",1,0,1,1,52.37,44.98,1.16429524232992,26.92,9.89,36.7384843982169,6.89,11.6366666666667,11.2,104,104,"F2B4",104,"3","68"
"210","4","2","501 x 355","501","355",2018-12-17,"primavera","2018","primavera_2018",2,0,1,1,73.7,59.45,1.24290572232646,80.56,35.86,41.2780417042411,7.915,10.6116666666667,18.9,351.5,336.5,"F2B4",344,"3","68"
"212","4","2","501 x 355","501","355",2019-06-10,"outono","2019","outono_2019",1,0,1,1,78.91,61.48,1.28350683148992,83.32,20.18,24.2198751800288,3.82,14.7066666666667,9.7,681.5,711.5,"F2B4",696.5,"3","70"
"221","4","1","293 x 355","293","355",2019-06-10,"outono","2019","outono_2019",4,0,0,1,75.9975,54.27,1.39980113474629,68.8425,30.515,43.0939074084472,5.195,13.3316666666667,11.475,741.5,726.5,"F1B4",734,NA,NA
"221","4","1","293 x 355","293","355",2019-06-21,"inverno","2019","inverno_2019",1,0,0,1,83.92,57.95,1.4481449525453,99.07,44.24,44.6552942363985,6.53,11.9966666666667,12,741.5,726.5,"F1B4",734,NA,NA
"222","4","1","293 x 355","293","355",2019-06-10,"outono","2019","outono_2019",6,0,1,1,81.385,62.59,1.32652625424207,79.4983333333333,39.545,49.6460594530066,4.76,13.7666666666667,11.4,771.5,756.5,"F1B4",764,"4","67"
"222","4","1","293 x 355","293","355",2019-06-21,"inverno","2019","inverno_2019",6,0,1,1,71.4316666666667,51.2616666666667,1.39332171976033,56.8466666666667,27.7866666666667,47.9999623677055,6.49166666666667,12.035,12.0966666666667,771.5,756.5,"F1B4",764,"4","67"
"223","4","1","293 x 355","293","355",2018-08-03,"inverno","2018","inverno_2018",1,0,1,0,68.3,49.6,1.37701612903226,53.11,24.2,45.5658068160422,5.19,13.3366666666667,16.9,149,149,"F1B4",149,"4","66"
"223","4","1","293 x 355","293","355",2018-12-17,"primavera","2018","primavera_2018",1,0,1,0,63.5,52.1,1.21880998080614,44.78,18.6,41.5364001786512,7.82,10.7066666666667,18,366.5,366.5,"F1B4",366.5,"4","66"
"223","4","1","293 x 355","293","355",2019-02-28,"verao","2019","verao_2019",2,0,1,1,72.5433333333333,55.29,1.31006920527198,64,29.1666666666667,45.2494278145455,6.13666666666667,12.39,14.6166666666667,516.5,516.5,"F1B4",516.5,"4","66"
"223","4","1","293 x 355","293","355",2019-06-21,"inverno","2019","inverno_2019",4,0,1,1,76.2475,54.1375,1.40679685811494,72.985,31.7625,43.8116223541023,5.4425,13.0841666666667,10.225,726.5,726.5,"F1B4",726.5,"4","66"
"232","4","1","293 x 355","293","355",2019-01-30,"verao","2019","verao_2019",1,0,1,1,68.9,53.1,1.29755178907721,55.01,9.34,16.9787311397928,12.83,5.69666666666667,17.1,501.5,501.5,"F1B4",501.5,"4","57"
"232","4","1","293 x 355","293","355",2019-06-10,"outono","2019","outono_2019",2,0,1,1,78.135,58.9,1.33012891921372,75.205,17.64,22.9047628203367,3.735,14.7916666666667,9.7,771.5,771.5,"F1B4",771.5,"4","57"
"232","4","1","293 x 355","293","355",2019-06-21,"inverno","2019","inverno_2019",3,0,1,1,77.6,55.3833333333333,1.40836522534975,73.4133333333333,24.2633333333333,31.3749624272007,5.66666666666667,12.86,10.1,771.5,771.5,"F1B4",771.5,"4","57"
"233","4","1","293 x 355","293","355",2019-01-30,"verao","2019","verao_2019",1,0,1,1,79.3,64.1,1.23712948517941,94.22,40.12,42.581192952664,5.08,13.4466666666667,14.6,441.5,426.5,"F1B4",434,"4","56"
"233","4","1","293 x 355","293","355",2019-06-10,"outono","2019","outono_2019",5,0,1,1,76.144,53.834,1.41542693825619,66.598,22.28,32.7477692897595,6.036,12.4906666666667,9.62,711.5,696.5,"F1B4",704,"4","56"
"233","4","1","293 x 355","293","355",2019-06-21,"inverno","2019","inverno_2019",1,0,1,1,68.97,46.9,1.47057569296375,44.16,11.28,25.5434782608696,5.82,12.7066666666667,4.1,711.5,696.5,"F1B4",704,"4","56"
"235","4","1","293 x 355","293","355",2019-06-21,"inverno","2019","inverno_2019",2,1,0,1,73.54,55.745,1.32342525395262,75.52,39.365,50.5247720039485,7.05,11.4766666666667,14.3,756.5,741.5,"F1B4",749,"4","54"
"236","4","1","293 x 355","293","355",2019-06-10,"outono","2019","outono_2019",2,0,0,1,69.32,51.74,1.34299584081936,46.385,18.705,40.1514635271911,5.72,12.8066666666667,11,711.5,696.5,"F1B4",704,"4","53"
"237","4","1","293 x 355","293","355",2019-06-10,"outono","2019","outono_2019",1,0,1,1,80.75,57.62,1.40142311697327,58.15,23.86,41.0318142734308,4.42,14.1066666666667,13.1,711.5,696.5,"F1B4",704,"4","52"
"237","4","1","293 x 355","293","355",2019-06-21,"inverno","2019","inverno_2019",1,0,1,1,70.07,48.92,1.43233851185609,36.07,14.39,39.8946492930413,6.53,11.9966666666667,13.1,711.5,696.5,"F1B4",704,"4","52"
"240","4","1","293 x 355","293","355",2019-01-22,"verao","2019","verao_2019",14,0,1,1,79.8,66.7,1.21046610097209,114.703636363636,40.5045454545455,34.401348822895,7.92909090909091,10.5975757575758,13.9090909090909,NA,1570,"F1B4",NA,"4","49"
"240","4","1","293 x 355","293","355",2019-01-30,"verao","2019","verao_2019",1,0,1,1,95.9,78.5,1.22165605095541,192.82,70.28,36.4485011928223,8.21,10.3166666666667,14.6,NA,1645,"F1B4",NA,"4","49"
